POA_CODE_2016,Equal Weighted Score
2000,0.8173184742402947
2006,0.2941676634713003
2007,1.2184588379184476
2008,1.1142677099590574
2009,1.1672790865371274
2010,0.8505635078675187
2011,1.1223213111860157
2015,0.3982064697647278
2016,0.8750213319606728
2017,0.8998377311293062
2018,0.5233204842943403
2019,0.15541640225220604
2020,0.4340866748777351
2021,0.7723839200389426
2022,0.3403400016045353
2023,0.342801480224723
2024,0.3679008816804515
2025,0.5625274269052094
2026,0.18129953689359132
2027,0.7206694623419022
2028,0.6702538203949006
2029,0.4007528779608055
2030,0.016468127652846075
2031,0.16384713830443776
2032,0.7630095663654969
2033,0.5355871394307824
2034,0.1617157535260469
2035,0.16670649226686715
2036,0.048025903405987606
2037,0.7635091923050633
2038,0.38711151953465917
2039,0.3778673043191925
2040,0.2598713590088311
2041,0.2418282808048688
2042,0.23643104386604147
2043,0.2078392547590398
2044,0.18291170960790124
2045,0.43618109807169014
2046,0.015491253065977595
2047,0.17343236726788797
2048,0.19873592693785386
2049,0.25573685001204977
2050,0.7016072685272404
2052,0.9243807171335728
2060,0.5550580152645987
2061,0.8511062553230568
2062,0.26926244031180757
2063,0.13942254628635978
2064,0.2699324044709866
2065,0.1642914825359488
2066,-0.004579125257296568
2067,0.34955477558576675
2068,0.045236871796587044
2069,0.03469192923186457
2070,0.07512252847015276
2071,0.22824915745564417
2072,0.3077862834278685
2073,-0.12575609964128062
2074,-0.045151876934672305
2075,-0.018264573016175012
2076,-0.08718555029177097
2077,0.0057051137432253315
2079,-0.07640839236048706
2080,0.22186499925293143
2081,-0.08799793221381813
2082,-0.039585530249593194
2083,0.01956620878659423
2084,-0.1343327455084114
2085,0.015891230979834782
2086,-0.1804381119518242
2087,-0.01938811295072722
2088,0.16901014786897908
2089,0.44471012074130234
2090,0.21650464477821574
2092,0.06080683706094083
2093,-0.06779698129237369
2094,0.2435436087696094
2095,0.2101196877924464
2096,-0.08806441748397643
2097,-0.10850520799615271
2099,-0.06114362186225293
2100,0.05103053360161101
2101,-0.01775251281802399
2102,-0.03469522504765179
2103,0.008139632137767838
2104,0.2526360549741897
2105,-0.1588888982221262
2106,-0.07613694739373157
2107,-0.16469469523279284
2108,-0.02818474163795646
2109,0.8100572243641777
2110,0.1519471633064692
2111,0.13920929980419663
2112,0.055345661543510026
2113,0.13995725091796035
2114,0.14364070292225586
2115,0.17707263516762156
2116,0.14044856972448477
2117,0.004733757545922379
2118,0.04329705926471337
2119,-0.012571359356635604
2120,-0.10635841668977944
2121,0.0745575260488637
2122,0.25781322398438167
2123,0.7031172317849343
2125,-0.1535988740843658
2126,-0.0377644858491184
2127,-0.1105548921381078
2128,-0.48933272017268353
2129,0.7031172317849343
2130,0.3606005613976656
2131,0.4316451495703001
2132,0.32017768448960854
2133,0.17009514782010524
2134,0.6403664806897524
2135,0.27500918247928474
2136,0.27488664225949755
2137,0.05104598219220533
2138,0.35735983818292866
2139,-0.4806710391900711
2140,0.3147339249858018
2141,0.18870194104133087
2142,0.25013376849889823
2143,0.23120636520369864
2144,0.3245069936511341
2145,-0.30476954756386626
2146,0.09627383844717438
2147,-0.0467357965148643
2148,-0.09866701327583231
2150,0.4940855078146254
2151,0.10729104248542568
2152,0.14286899345511764
2153,-0.38117246427342677
2154,-0.2154304117660059
2155,-0.5489175805801375
2156,-0.16931028315378951
2157,-0.2200221851074866
2158,-0.06660568396709834
2159,-0.03218452923729546
2160,0.2069476649211892
2161,0.11325017824435782
2162,0.26729657627248693
2163,0.408273073603436
2164,0.27410948394575396
2165,0.3024729566688011
2166,0.1465860410789354
2167,0.193313165699206
2168,0.03427412809032957
2170,-0.5114703757575721
2171,-0.29481204979930786
2172,-0.27150126692995136
2173,-0.1658475014814479
2174,-0.05590111973405776
2175,-0.04002962152750411
2176,-0.05053996564842718
2177,0.27877891953564493
2178,-0.09338020810232062
2179,-0.05024355735628401
2190,0.16121308615073077
2191,0.20198641691746863
2192,0.4585859739412285
2193,0.22577973797775736
2194,0.5049766443119884
2195,0.6480697286403032
2196,0.131767396714024
2197,0.3053486910496164
2198,0.1730894963993903
2199,0.24364950302168423
2200,0.11607283189803282
2203,0.22435351024030767
2204,0.22374155514528432
2205,0.3441675601892691
2206,0.09007237844750667
2207,0.11523143370702815
2208,0.1799697161920364
2209,0.19131738169497972
2210,0.1057071389975082
2211,0.15217350797241908
2212,0.20337683593929484
2213,-0.027897375797505973
2214,-0.08135504888928582
2216,0.24079379575159363
2217,0.20191586126862915
2218,0.289791393459876
2219,0.17200460147785646
2220,0.3070931734201552
2221,0.006108535455057296
2222,0.2152623188005824
2223,-0.008378477105079375
2224,0.06185965012871179
2225,-0.16547592599372019
2226,-0.08976903580115614
2227,-0.0842530852689096
2228,0.14616057373001962
2229,-0.16394726475177251
2230,-0.178183075501618
2231,-0.17880551871741726
2232,-0.144644125187491
2233,-0.25576150623528626
2234,-0.24813224339059775
2250,-0.2694921156322124
2251,-0.10328793286464992
2256,0.30742203945952534
2257,0.10400905200130701
2258,-0.02890791796493103
2259,-0.22072985306073267
2260,-0.16622666383572932
2261,-0.1246041305586282
2262,0.21697420793211322
2263,0.3042247876170228
2264,0.23564053950046326
2265,0.1026453552255576
2267,0.0964707674676067
2278,0.046553852640677774
2280,-0.013617295648209871
2281,0.12372492256065963
2282,-0.0175131773536496
2283,0.122587286522054
2284,0.2968885944517025
2285,-0.08270202528012517
2286,0.10800189562590021
2287,0.025744969886770476
2289,-0.023167359517668684
2290,-0.01263892096867949
2291,-0.05686657649844429
2292,0.19426345546465257
2293,0.593916399904803
2294,0.2790005728178392
2295,0.3825143720699101
2296,0.22306271086765522
2297,0.3795626436487002
2298,0.2619730202800584
2299,0.509113499803635
2300,0.10030307997016479
2302,0.847660689285685
2303,0.30902486947523145
2304,0.3846719870552279
2305,0.11830165494253106
2306,1.1188991053562474
2307,0.4424615674165321
2308,0.2624256350361052
2311,0.12919648403778
2312,0.18742383285501826
2314,-0.8590574873187731
2315,0.12154081234419647
2316,0.04896651078514221
2317,0.28536957585597567
2318,-0.1340141445579352
2319,0.31983885489642827
2320,-0.07926425808857525
2321,-0.08274614464009288
2322,0.02504772723892933
2323,0.029499437956719516
2324,0.14530579339320596
2325,0.1533365732330145
2326,0.2774777705507005
2327,0.38402928805525754
2328,0.0687273427607925
2329,0.10224938340594676
2330,-0.06184927927150161
2331,-0.3329407531066146
2333,0.1213100134860848
2334,0.032247161606736685
2335,-0.15400018077517968
2336,-0.08726872526493379
2337,-0.049825322396525026
2338,0.15410406427831425
2339,-0.10274803388150637
2340,-0.03941258972378277
2341,0.589997965707737
2342,-0.2265129803080192
2343,0.29956495230138064
2344,-0.19370624204780323
2345,-0.08185319374381309
2346,0.3513998328163156
2347,0.21766537916897416
2350,0.22664728435524578
2351,-0.10899046812983718
2352,0.052565706666396796
2353,0.2350377833177951
2354,-0.014399869884106358
2355,0.023025397254629064
2356,0.39776278560267475
2357,0.33024162036029836
2358,0.1696524772730918
2359,0.31132366351099916
2360,0.2944754915815974
2361,0.5110798335538279
2365,-0.014643178640976844
2369,0.5365497594651146
2370,0.30562102218322035
2371,0.19932176052941164
2372,0.10867098941016409
2379,-0.0953431215351242
2380,0.34716148209197967
2381,0.19705056354240194
2382,0.14875166935602363
2386,-0.3481189140282631
2387,-0.4708068710656974
2388,0.09539828897605564
2390,0.050050195857392274
2395,0.2829914920695784
2396,0.6116679036099758
2397,-0.04494403400104674
2398,-0.4905008780362044
2399,-0.14743825084697254
2400,0.369419018810397
2401,-0.10931709238282625
2402,0.28013060527045175
2403,0.013379950076287617
2404,0.24185916759693118
2405,-0.3914589571223303
2406,-0.0515615973900919
2408,-0.576950676226897
2409,0.9655889363513305
2410,-0.15629419153352492
2411,-0.4898652032165085
2415,0.10128791896722547
2420,0.1769073417209245
2421,0.006076107676889586
2422,0.1817011638203806
2423,0.2914522442035586
2424,0.19918806180516513
2425,0.10061472039551171
2426,0.0925313931736451
2427,0.34564349388571264
2428,0.32601528760808607
2429,0.18518734627016017
2430,0.184838154541813
2431,0.4067672930715137
2439,0.05948857246179752
2440,0.3205911291611342
2441,0.0584823802950758
2443,0.3849634535891394
2444,0.03377004544549519
2445,0.040287144535243256
2446,0.1582655028446991
2447,0.26535119263764917
2448,0.5149543542247131
2449,0.6320642576316217
2450,-0.035841649486266905
2452,0.34634366686180323
2453,0.12765186555771585
2454,0.19577636545548455
2455,0.33868661889049634
2456,0.09157917679638108
2460,0.16995520254859825
2462,0.1595038105766425
2463,0.30414387236796536
2464,0.32313153036613523
2465,0.18049035260621996
2466,0.5639202119262164
2469,0.25620121552163744
2470,0.28382623761873604
2471,0.17156771605401155
2472,0.14518229895912232
2473,0.3018866956392262
2474,0.1907579070011361
2475,0.21438402272394672
2476,0.34010885757929915
2477,0.06811860174834342
2478,0.003511044681883049
2479,-0.06976001955897579
2480,-0.03813181382108259
2481,-0.010828500403083707
2482,0.18906678862281906
2483,0.15708817866233932
2484,0.14830570169401364
2485,0.42988259489009356
2486,0.14213275903961176
2487,0.014149698344524819
2488,0.2133256676422144
2489,0.18196670316393665
2490,-0.14467741749536697
2500,0.2021108548814999
2502,0.44816598590665196
2505,0.405786444858372
2506,0.5687399897854857
2508,-0.09852281312345967
2515,-0.07395197464366074
2516,-0.09107797505538
2517,0.07834172542374299
2518,0.27290629245874165
2519,0.1856052951534474
2522,0.2780657002458887
2525,0.08863313372490296
2526,-0.004685221325513555
2527,0.06382999138390581
2528,0.3302584697636777
2529,-0.11123399587987375
2530,0.020199278187208812
2533,-0.1121742258251466
2534,-0.09180429813942803
2535,0.12497588785048715
2536,0.25172923785262846
2537,0.18754837884748196
2538,0.4072369064873861
2539,0.13527547741710783
2540,-0.08318913107113601
2541,0.38478970947591284
2545,0.14917074734328212
2546,0.22005582392219117
2548,0.18600709242011607
2549,0.0676071552045196
2550,-0.05901123152604524
2551,0.42102979491377834
2555,-0.11386649937701969
2556,-0.17587824485146222
2557,-0.3094984329206831
2558,0.12922365580900616
2559,0.603161967964966
2560,-0.24977972465913942
2563,-0.0721542749183037
2564,0.3767273394681594
2565,0.1335254596090673
2566,0.08653317424956292
2567,-0.3345267491018167
2568,0.5996608042650211
2569,-0.09699379372665592
2570,-0.3848799657611437
2571,-0.2924277978446458
2572,0.04960328376182046
2573,0.10737051549893561
2574,-0.0809114457153576
2575,-0.08430540359953864
2576,0.13263302413811434
2577,-0.04574621136833075
2578,0.1919520573116647
2579,-0.10494300652089575
2580,0.08450742704504216
2581,-0.21504483868314578
2582,-0.15765444088409844
2583,0.08700250556644613
2584,-0.0009001766547135734
2585,-0.13253756285859125
2586,0.09186383105082851
2587,0.2504851677804853
2588,0.15664879998055742
2590,0.275938885377813
2594,0.20516041617701405
2619,-0.17105975423197375
2620,-0.18031546041760707
2621,-0.3309897036690768
2622,-0.0935803250941692
2623,-0.15200074414198816
2625,-0.7966934163923771
2626,-0.27089411678119435
2627,-0.31636802880757425
2628,0.06305207766092594
2629,-0.13407651590201713
2630,0.1485119905560314
2631,-0.09525796044494654
2632,-0.05438514554620928
2633,0.18409990381494304
2640,-0.08920883750198891
2641,0.35826886671344127
2642,-0.19700088044075253
2643,0.037278412387613515
2644,0.003936060814764758
2645,0.050425299652412714
2646,0.08685557033789237
2647,0.049285857427921576
2648,0.1969388672014313
2649,-0.789137213386372
2650,-0.12331326551745544
2651,-0.006029286453173735
2652,-0.14898644066246816
2653,-0.013506994187424548
2655,-0.06736313345892869
2656,0.09347051038108911
2658,0.2115895607622614
2659,-0.1301906927852242
2660,0.17956518938642177
2661,-0.5975048464357573
2663,-0.025931900095604154
2665,-0.1016615748095238
2666,0.1465855013186695
2668,0.23697225033000208
2669,-0.10551188609697584
2671,-0.013851858913424702
2672,0.27828684949262955
2675,-0.00940073539692206
2678,-0.11970301763505362
2680,0.028027825942709854
2681,-0.15463782408210452
2700,0.26099713981948197
2701,0.025875240440370588
2702,-0.09830827209805629
2703,-0.0875904063616185
2705,0.07629846426213201
2706,0.3227204818746693
2707,-0.1133762998304958
2710,0.039915621443225545
2711,0.006238344726678918
2712,0.10809697494173139
2713,0.12762379516230307
2714,0.11509121868390562
2715,0.14742998526205348
2716,0.04431364532422948
2717,0.46186311002366065
2720,0.04484122025764632
2721,-0.28261691988539156
2722,0.1004292609243275
2725,0.06522451663781362
2726,-0.4291908157352755
2727,-0.2613244900718933
2729,-0.11630835997782892
2730,0.15568299794195978
2731,0.009401070978213789
2732,0.12614855916618734
2733,0.09232299260969967
2734,-0.4576038292550244
2735,-0.2350654939832276
2736,-0.307328900058545
2737,-0.16982091053932452
2738,-0.363090500971058
2739,-0.08027964504695306
2745,-0.30977649358415477
2747,-0.10595571275633145
2748,-0.07052031073413581
2749,-0.02976562998439043
2750,-0.036273540198196695
2752,-0.031287440749079146
2753,0.053630798303363425
2754,0.16973487442757665
2755,-0.9135918526155461
2756,-0.2318505019658236
2757,-0.11066046503925195
2758,-0.2720690038709088
2759,-0.11826432666818995
2760,0.13139419644771627
2761,-0.09409863330719732
2762,0.12821166253217123
2763,-0.0950856575898041
2765,-0.1539581517862667
2766,0.16329633392419915
2767,0.19929815253383615
2768,-0.2055502470828193
2769,-0.21640911529123547
2770,0.14992557729067796
2773,-0.06929818692398469
2774,-0.06361410582732092
2775,-0.06247764488518094
2776,-0.07540731928792649
2777,-0.03829005913900929
2778,-0.04539037317555494
2779,0.20522601547354813
2780,0.6568504405541719
2782,0.22213189966211272
2783,0.3217269496624728
2784,0.04074576615554769
2785,0.2441929644587589
2786,0.07640222317072774
2787,-0.03278133029974244
2790,0.2527076087857346
2791,0.16542623002185847
2792,-0.13051097161410546
2793,0.17758257768934196
2794,0.27773206487623103
2795,-0.10631807698826276
2797,-0.05759607811147838
2798,-0.320573645803459
2799,0.08316929226172713
2800,-0.041704259395236226
2803,-0.1067769674216014
2804,0.14630737116390558
2805,0.10263619649863061
2806,0.09056782044748488
2807,0.1653526663208736
2808,0.07247255096674494
2809,-0.18608827274535422
2810,0.08585797680951546
2817,-0.1149169350634959
2818,-0.10703842971319451
2820,0.46052473434451996
2821,0.4122659126905771
2822,-0.021730796622482472
2823,0.21939436357920356
2824,0.23120002827528063
2825,0.16632906979717305
2826,-0.5723968916567787
2827,0.43570524327383353
2828,0.26369154839136255
2829,0.5507940362745385
2830,0.1300921159016474
2831,-0.06893885589711292
2832,0.5844524246164048
2833,0.6801014232885697
2834,0.673342079963629
2835,0.05621136782386467
2836,0.7386004158181926
2838,1.0978978540814526
2839,1.0769202136549978
2840,0.4633578653662373
2842,0.029627892234912818
2843,-0.0231122089820757
2844,0.02190638432787434
2845,0.3460862561156919
2846,-0.0332731131633832
2847,0.13359012971637813
2848,0.40202228519886346
2849,-0.06192397073782313
2850,-0.10169324020527899
2852,-0.006348569040424176
2864,-0.1699962809255024
2865,-0.18202961465778347
2866,-0.00016886917714856176
2867,-0.04090268928996664
2868,0.30069007034282363
2869,0.4067720809163786
2870,0.41001128985345653
2871,0.20896486935782338
2873,-0.3758758136526491
2874,-0.12388572357941688
2875,0.06873081532126214
2876,-0.041799371284586925
2877,0.3341810758262724
2878,-0.4015057826682793
2879,0.4975552187446091
2880,0.35191217764319754
2898,-0.1424100450599485
3000,1.0310553183901146
3002,0.42277688541327396
3003,0.4400566716368169
3004,0.428189109755547
3005,-0.0503423179868789
3006,0.6501923723205822
3008,0.5856079370371711
3010,0.17886347603557531
3011,0.36386092524298264
3012,0.1290100136806565
3013,0.06678382263185588
3015,-0.04949687556935831
3016,0.04691186414843872
3018,0.14735130842177907
3019,0.5718606416892162
3020,0.23789862322354885
3021,0.2154440117207485
3022,0.4973164879681832
3023,-0.3268169847604917
3024,0.0384753675128233
3025,0.3474319351489604
3026,-0.04527325328800771
3027,0.12870771587745414
3028,0.11385371580005539
3029,-0.503115317711684
3030,-0.6178167479775594
3031,0.2577008066100186
3032,0.007963281208837658
3033,0.06055519982601394
3034,0.3364844144482796
3036,-0.0755010910552814
3037,-0.282053362274577
3038,-0.049192470920397205
3039,0.12478996153567094
3040,-0.006658206200224203
3041,-0.09675927419096991
3042,0.04717701979881456
3043,0.1421453030254876
3044,0.043252161765806804
3045,-1.0334139014719763
3046,0.22449660163484292
3047,0.48452135958103987
3048,0.4815439217221892
3049,0.14842354289221107
3050,-0.49126669987382743
3051,0.7558167990159843
3052,0.5151843563368359
3053,1.0565435136698924
3054,0.19093663462937238
3055,0.30372808561257136
3056,0.15436959042354612
3057,0.32379972798360723
3058,0.038875267586059914
3059,-0.08262345828711282
3060,0.5122287410688091
3061,0.4142090309765448
3062,0.7031172317849343
3063,-0.13481289352072495
3064,-0.27790708743366144
3065,0.48319147703324433
3066,0.5137510644368855
3067,0.2503514234941765
3068,0.05371190585648088
3070,-0.020402250701970603
3071,0.07424435831213443
3072,0.1209411107332055
3073,0.10621661058662793
3074,0.5691059526203203
3075,0.3591336270192403
3076,0.09828482837069133
3078,0.08027935914078563
3079,0.039278778872136696
3081,0.38622807659970315
3082,-0.020385836350895768
3083,0.1653657791623507
3084,-0.08410022219194323
3085,-0.027055354239045825
3086,0.16578279456856873
3087,0.2435314083185927
3088,-0.12358003736506167
3089,-0.19073667009575251
3090,-0.30906761360421964
3091,-0.25214316369167356
3093,-0.027347232993445734
3094,0.08002879185097722
3095,-0.29323802790048414
3096,0.08540554642357176
3097,-0.3039596792550322
3099,-0.17635941358492901
3101,0.08600976034802058
3102,0.010930136569787963
3103,0.2572555744309814
3104,0.09664614851771591
3105,0.05119612909523672
3106,0.022420775204847188
3107,0.14017687580997004
3108,0.2126500790879801
3109,0.034938372944505004
3111,0.021098422845623587
3113,-0.2373584805398087
3114,-0.1266577502884817
3115,-0.19015070224431593
3116,-0.035203010033457646
3121,0.06465989478331127
3122,0.14256375636389676
3123,0.22731963975779168
3124,0.08194325630911987
3125,0.5306567068576407
3126,0.11021380615658505
3127,-0.040821465530520705
3128,0.3849571032133374
3129,0.16747697931277594
3130,-0.018747239450809673
3131,0.07099220147214479
3132,-0.02112242795861783
3133,0.01948290747525887
3134,-0.11099590466910447
3135,-0.007250529204652878
3136,-0.20209428206337346
3137,0.014270011016389356
3138,-0.14673279877917136
3139,-0.20657512641672623
3140,-0.050254162382912214
3141,0.3679173844397119
3142,0.08485055424099677
3143,0.11789917023360355
3144,0.10915453764480262
3145,0.10217500371355856
3146,-0.13960398992311418
3147,0.09449420861128477
3148,0.26345650637701085
3149,0.0011586382112806826
3150,-0.14911392235488938
3151,0.2617428424987845
3152,-0.0646539523498432
3153,0.011532355073671553
3154,-0.09107583057213958
3155,0.049973738676620014
3156,-0.22866661358515722
3158,-0.2064989605021322
3159,-0.20419477422525714
3160,-0.17366871007043888
3161,0.12266538749824323
3162,0.08930073631062789
3163,0.17342154791294062
3165,-0.0010978067522025904
3166,0.17874868493513463
3167,0.26043990674142437
3168,0.9026752795176121
3169,0.42643622501789624
3170,0.042426670964494
3171,0.5156128281646842
3172,0.04330523234768345
3173,-0.03750356756533348
3174,0.27976389114805744
3175,0.1455547502096263
3177,0.506466146712229
3178,-0.2550379970776019
3179,-0.04469190586948588
3180,-0.023625382791630976
3181,0.2038673793330285
3182,0.1473697863129659
3183,0.07655608352499092
3184,0.09299685782578573
3185,0.10336122526128728
3186,-0.017543225504359793
3187,0.1360901218131895
3188,0.014366130108724784
3189,0.1652173590196198
3190,0.08295986613730189
3191,0.16241863230351758
3192,0.01597400287341393
3193,-0.17514636261755873
3194,0.13023028457900204
3195,-0.24833610158684047
3196,-0.03184182531781118
3197,-0.049377792773489235
3198,0.0026215993934952412
3199,-0.1407687430790852
3200,0.6303719438305256
3201,0.06661631967034254
3202,0.18407824464776265
3204,0.015003479235396511
3205,0.4725986162896795
3206,0.1944069780635867
3207,0.23514109702587715
3211,-0.17704097828338994
3212,-0.12530334181637862
3213,-0.18277223619714308
3214,0.5853939249346908
3215,0.19396111023870313
3216,-0.25218646432511627
3217,-0.2963598005713168
3218,0.13290434552242558
3219,0.4517646142084164
3220,0.09348501575150939
3221,-0.3003135076663603
3222,-0.04699383452623997
3223,0.13784421871920294
3224,-0.023111067641568173
3225,0.054793542054346236
3226,-0.14850043312267652
3227,-0.1536562305694517
3228,-0.32321716024296593
3230,-0.055206956505719516
3231,-0.025703188934729327
3232,-0.08062538923738478
3233,-0.020856656800777463
3234,-0.5278829097280909
3235,-0.1730077732568585
3236,-0.3307244563433511
3237,0.00015719740033864893
3238,-0.17662786940169065
3239,0.07189725883168252
3240,-0.10758765413133944
3241,0.03805213620030727
3242,-0.29329183015916227
3243,-0.20805276316106402
3249,-0.27062009009123084
3250,0.22907408942758045
3251,-0.30377542933029306
3254,0.06443233818579915
3260,-0.024543574391262188
3264,0.10370675359592751
3265,-0.284033830489226
3266,-0.05685387172450686
3267,-0.5430698199382549
3268,-0.10320600192524229
3269,-0.32602977705587566
3270,-0.22956895730461718
3271,0.003671475131856139
3272,0.09926654302418456
3273,-0.4875860168658349
3274,-0.17252236896495204
3275,-0.21877381521884
3276,-0.20532985504728493
3277,-0.2586401982943216
3278,-0.40121629669100745
3279,-0.4660556600525439
3280,0.03746515644587335
3281,-0.42765504472643945
3282,-0.0490041729836315
3283,-0.3411246843932827
3284,-0.010386105639775845
3285,-0.20108542141506236
3286,-0.03945828318564025
3287,-0.37160460497805287
3289,-0.11943421229280582
3292,-0.3079641600226715
3293,-0.3312792874889222
3294,-0.30647227123952
3300,0.2281544494312056
3301,-0.38023501425896494
3302,-0.30389698820781974
3303,-0.2983334177423277
3304,0.13358405497231984
3305,0.18429970390742909
3309,-0.023903898488259356
3310,-0.2570987122383613
3311,0.2263895708731793
3312,-0.3111055140677294
3314,-0.26348095661219284
3315,0.06795251982483715
3317,-0.25681123655559157
3318,-0.021072602766279702
3319,-0.05702585760847005
3321,-0.4100745830772098
3322,-0.08258718199696577
3323,-0.4212545303567917
3324,-0.08748775521477903
3325,-0.10925027171131625
3328,-0.1902344221136977
3329,-0.27363946924854937
3330,-0.3835717781459861
3331,-0.24894570218014805
3332,-0.13593317346629147
3333,-0.06711445209164536
3334,-0.06232868586158058
3335,-0.02914917362761158
3337,-0.06983799012913036
3338,0.06379052408147882
3340,-0.10077084845140863
3341,-0.29459262563578636
3342,-0.04206337925020291
3345,0.19069000511476344
3350,-0.15942590717209826
3351,-0.1731152818272393
3352,-0.3473787496892199
3355,0.41571622685217263
3356,0.33605178626005294
3357,-0.15515628251353447
3360,0.07144721293576609
3361,0.0014819544473171908
3363,0.0714132536763514
3364,-0.3184773632330558
3370,0.1541382070868967
3371,0.18028507450698864
3373,0.0438486795554698
3374,-0.20059354531052898
3375,-0.6361597180453772
3377,0.11144139145281051
3378,-0.6983298099060982
3379,-0.03235719680920095
3380,0.2505029728063962
3381,-0.2298523706028898
3384,-0.05477050747901111
3385,-0.17982592787968238
3387,-0.2998976361582727
3388,0.2395500450773247
3390,0.06050626324826915
3391,0.15365447613947597
3392,0.2897214693540934
3393,0.2570541101391018
3395,-0.3015767028575862
3396,0.047133350809128685
3400,0.22278010238092646
3401,-0.324493789080054
3407,-0.4201745561761778
3409,0.02265560645581957
3412,0.033053906104463036
3413,-0.5403471695266253
3414,0.1495946729605651
3415,-0.7324623899821041
3418,-0.024354986670078783
3419,-0.10324071125697185
3420,-0.635036528166584
3423,0.2908643556649073
3424,0.05326107182373274
3427,-0.03292186114490967
3428,-0.029161990546033544
3429,-0.14905695520684287
3430,-0.17036534899873956
3431,-0.24818306667506945
3432,-0.37688523816337216
3433,-0.48271744615983786
3434,-0.13686538556466563
3435,-0.18572202773536856
3437,-0.1983967269336069
3438,-0.1216381560463951
3440,-0.31854416576199035
3441,-0.3369788178618201
3442,-0.13885643584538807
3444,-0.010525732815177727
3446,-0.1306370898212308
3447,-0.08984662514598368
3448,-0.05457635409086194
3450,0.24620440983507108
3451,-0.22076171374498896
3453,-0.14289695397382113
3458,-0.1548487297893799
3460,0.2881462935911417
3461,0.0007567176537187081
3462,-0.04051735283381154
3463,0.024034423338116527
3464,-0.0288269759376519
3465,0.30489584839013617
3467,0.17448459291917023
3468,-0.2160625588199941
3469,0.04465418283472542
3472,0.2424763277425932
3475,0.011231359626685066
3477,-0.17064287296302086
3478,0.25994555206236736
3480,0.0064726706568986716
3482,-0.09511210697516288
3483,-0.020216417662134382
3485,-0.015915294872872198
3487,-0.5361361375865898
3488,-0.1254256991806075
3489,-0.700324402462467
3490,0.021755538199447512
3491,-0.030751403081305854
3494,-0.15195517840092373
3496,0.06043355133145754
3498,-0.0916704230376812
3500,0.16338691468945343
3501,-0.2253656842240624
3505,0.12838781247210101
3506,-0.5276807650928789
3507,0.11782170508781101
3509,-0.339679417988172
3512,-0.4243546981155653
3515,-0.3271120100234972
3516,-0.13496466620567532
3517,-0.022231590867881956
3518,0.07918961178371753
3520,0.769153524194496
3521,-0.14672922924200413
3522,-0.08706351908797291
3523,0.17060965844900827
3525,0.33958951540485477
3527,0.2692784653697517
3529,-0.12852142634403213
3530,0.12637936536239186
3531,-0.16412776355860142
3533,0.09253365605173515
3537,-0.007665393568700596
3540,0.19712328017112607
3542,-0.16823389127270916
3544,-0.17083233750139346
3546,0.12358787372777744
3549,0.12012334464188298
3550,0.10831247948410697
3551,-0.39927533082807837
3555,0.1716676767757931
3556,0.24828757551619582
3557,-0.21685618575253418
3558,0.18432422591426545
3559,-0.020684419350079364
3561,-0.02442275035497475
3562,-0.5702370364136486
3563,0.08041470533013426
3564,0.09098246070293262
3565,-0.05040923689502639
3566,-0.1298901417001015
3567,-0.0694120325948284
3568,0.03273411020539078
3570,-0.014675659515375545
3571,-0.31409867313836903
3572,-0.4760127235531426
3573,-0.21510251702209357
3575,0.08491102423527899
3576,-0.9454427970827812
3579,0.08006839006451268
3580,0.013463542973591137
3581,0.12631964823212516
3583,-0.08163707014134595
3584,-0.1896722062987312
3585,0.22338826639534615
3586,-0.2423878135631187
3588,-0.2524382964714771
3589,-0.3797941569665655
3590,-0.1920744489918623
3591,-0.37186474120712115
3594,-0.14305349351573388
3595,0.3589901561100423
3596,0.049172617545413376
3597,-0.22510516526895988
3599,-0.4046584450935338
3607,-0.511883041259982
3608,0.0806585604101179
3610,-0.17376367352932504
3612,0.2390183338970277
3614,-0.34739583204155766
3616,0.07898990031659997
3617,-0.547846111170462
3618,-0.05201116560729321
3620,0.04605320367809277
3621,0.04727843913080668
3622,-0.30061493301835174
3623,0.04655347950696551
3624,0.016817596065490617
3629,0.4323277164005598
3630,0.14914124698648717
3631,-0.1238304233591135
3633,-0.3343942655054773
3634,-0.2306714808580693
3635,-0.10717948297980799
3636,0.17694071236759884
3637,-0.2864049508433842
3638,0.09412677016517548
3639,0.30590720945143535
3640,-0.1180600726264601
3641,-0.13880407374911727
3644,0.1526026675341761
3646,-0.17208878429760993
3647,-0.590467760526743
3649,-0.17533002955844273
3658,0.01557700289161143
3659,-0.14943901678740734
3660,0.24919896180596277
3662,-0.5466716265778302
3663,-0.5963237053103417
3664,-0.11698950254765524
3665,0.06720253373774346
3666,0.10453161892674727
3669,0.11819255131547504
3670,-0.03058701707209386
3672,0.2832939337197365
3673,-0.2676673791259324
3675,-0.1544996411282935
3677,0.17583329088993443
3678,-0.3372105082513595
3682,-0.3173458129779246
3683,-0.15559551816495715
3685,0.06696423591509651
3687,0.0620429592497256
3688,-0.276086600277175
3690,0.013181671351548982
3691,-0.16704895059942454
3694,-0.3781789651756046
3695,-0.18336507466600552
3697,-0.13014314264322618
3698,-0.22433193837630783
3699,0.09005177558760531
3700,0.06150134358417243
3701,-0.234526044770149
3704,-0.7586118485603769
3705,-0.5374045028864343
3707,0.03986027155556106
3708,-0.2926784096562645
3709,0.04288957419456705
3711,-0.2911551957434997
3712,-0.07960320264304466
3713,0.1570334039498833
3714,-0.006372802439321534
3715,-0.2697185497157194
3717,-0.06572554585215754
3718,-0.5489375639903858
3719,0.022363491030069238
3720,-0.268051302450167
3722,-0.06964116285837049
3723,-0.10466376140063449
3725,-0.23180738354617705
3726,-0.036101980954230485
3727,-0.2923010958523095
3728,0.07644913132565635
3730,0.058979908780123456
3732,0.017927495931127673
3733,-0.05585408732094989
3735,-0.2656118160415743
3737,0.09960496827612475
3738,-0.19681028343516144
3739,-0.34645501862978106
3740,-0.15074379131114804
3741,0.07872351106874026
3744,-0.3475451583283736
3746,-0.3493241267317262
3747,-0.07447265287002178
3749,-0.06558152359911998
3750,0.307272187591931
3751,-0.17239901927729678
3752,-0.038717817318226634
3753,-0.29408379199935564
3754,-0.3053192985936149
3755,-0.3426349938477343
3756,-0.15400280330697153
3757,-0.0929482871660309
3758,-0.285941617317581
3759,-0.2756032042195421
3760,-0.2909665560336109
3761,-0.26375637150941367
3762,-0.45447663846892816
3763,-0.17662821755692643
3764,0.002281067105091422
3765,-0.0838573408698639
3766,-0.21099633943932822
3767,-0.07506020226570675
3770,-0.2713757063698088
3775,-0.2217502731820799
3777,0.04709308392783581
3778,-0.26337783238200413
3779,-0.050277673647555
3781,-0.1834316086551989
3782,-0.16334154780420368
3783,-0.2021619229567501
3785,-0.6805532521750461
3786,0.03281862521410626
3787,-0.14233857663042773
3788,-0.1435338326129217
3789,-0.1197584623374109
3791,-0.164597660962349
3792,-0.2664309479234705
3793,-0.05040955496094231
3795,-0.2631962280907988
3796,-0.20041495057922726
3797,0.03748562127923068
3799,0.13315020662643867
3800,0.8650330453891805
3802,0.01326585454500342
3803,0.25041809079148986
3804,-0.1758331720785371
3805,-0.35347652484529624
3806,-0.3275666300420096
3807,-0.21186247610222103
3808,-0.2751639653316997
3809,-0.07307812608231117
3810,-0.2434685135451174
3812,-0.21763474471562297
3813,-0.2941352567672465
3814,-0.24254886166769926
3815,-0.19099891655986856
3816,-0.06901062700539054
3818,-0.029882132050675504
3820,0.10993617515727636
3821,-0.2455570573865658
3822,-0.12170198665711987
3823,-0.053374004480463214
3824,-0.08499484990206094
3825,0.26406463831571864
3831,-0.09638402507506501
3832,0.11597046772718937
3833,-0.15995881766637468
3835,-0.0312859987565675
3840,0.3011713633639272
3842,0.2639656499662316
3844,-0.03835885581462776
3847,-0.1331219072778017
3850,0.21636000857074836
3851,-0.27768796671314894
3852,-0.7095087876914152
3854,-0.364673604839705
3856,-0.1673865514124518
3857,-0.1480780123405343
3858,0.0480894758476621
3859,-0.1773890048572256
3860,-0.002390085051137064
3862,-0.02515858377909872
3864,-0.2730202054891829
3865,-0.10443320389889825
3869,-0.02796102167801951
3870,-0.10104036587849148
3871,0.006901545054495022
3873,-0.3764920774017476
3874,0.10253807475815986
3875,0.05209749948576563
3878,-0.03615432031199757
3880,0.34869812586833404
3882,-0.186151369615889
3885,-0.07954794367127782
3886,-0.1730052115668689
3887,0.20602403214729356
3888,0.14709225101375117
3889,-0.4351569110998126
3890,0.23370828340114452
3891,-0.23998402443420055
3892,0.21788475262859155
3893,-1.008704445556376
3895,-0.09426766436981437
3896,-0.20489638155251527
3898,-0.16764733059631365
3900,-0.2675093857699512
3902,0.256369076581711
3903,-0.09720418498653606
3904,-0.0926499393044512
3909,0.24869854125947688
3910,-0.182773745089517
3911,-0.07201782379858362
3912,-0.08319068923762149
3913,0.07038054564094148
3915,0.26465991054401516
3916,0.028252198561835855
3918,-0.1446505552362755
3919,0.06570965701953117
3920,-0.4413386401614292
3921,-0.17481066720657332
3922,0.2241484792975572
3923,-0.012350088144287619
3925,0.023937786046842317
3926,-0.17701048599679642
3927,-0.2427640176670975
3928,-0.4124229706746704
3929,-0.19653364718694574
3930,-0.23274650619665546
3931,0.05400492355863871
3933,-0.33038836046114567
3934,-0.1777297204068821
3936,0.016549305070332594
3937,-0.20564635750604854
3938,-0.029141619052443512
3939,0.11801270122129107
3940,0.603871198676024
3941,0.028615377831742637
3942,-0.1058810721089654
3943,0.027692202342071214
3944,-0.1420724827746692
3945,-0.1893846201916689
3946,-0.3547909894161464
3950,0.10919939789714443
3951,-0.2445487716731042
3953,-0.06498237737304495
3954,-0.2721317450482271
3956,-0.15317925767941865
3957,-0.36556720722505043
3958,-0.4170604331738712
3959,-0.21562830646927664
3960,0.09817396300261474
3962,0.18730698648921615
3964,-0.19605262609708496
3965,-0.052103073920958184
3966,0.02734034427911587
3967,-0.4938787891922278
3971,0.09234506459818509
3975,-0.11269427841804032
3976,0.0803239686430636
3977,-0.649424339072905
3978,-0.10675747825998258
3979,-0.37884672006854514
3980,-0.26535829059795757
3981,-0.10609486035395635
3984,0.08953421022259
3987,-0.12755327887733356
3988,-0.1352353624399577
3990,-0.2187791515886029
3991,-0.04524298742063391
3992,-0.07939408979099674
3995,0.2017434057559942
3996,0.031081602847042866
4000,0.8287864651366263
4005,0.2731156033144935
4006,0.49418545766087707
4007,0.16227193513171168
4008,-0.37717744079715876
4009,0.7031172317849343
4010,0.462406806493706
4011,0.1378254253060222
4012,0.03644670525531215
4013,0.1428034339760677
4014,0.010684649413306468
4017,-0.09030635866667605
4018,0.3909351390943184
4019,0.27308520852396295
4020,0.21834426090506143
4021,0.4993166261574342
4022,0.45921160936056593
4025,-0.6410064800341596
4029,-0.8752890597045194
4030,0.1432602028404624
4031,0.10474089638738424
4032,0.28190624589592544
4034,-0.03266210637557197
4035,-0.19387175493066505
4036,0.1170230629354864
4037,-0.2896680990957973
4051,-0.09327828749678571
4053,-0.13876464020719825
4054,0.129111631052432
4055,-0.19303167038935615
4059,0.5704496895546035
4060,-0.08165521482318187
4061,-0.022802265451463598
4064,0.27751452458143117
4065,0.054463630029686384
4066,0.3011490127823517
4067,0.8679279211986317
4068,0.2354526237105748
4069,-0.1644709203473941
4070,-0.10247118772635629
4072,0.16616829214045775
4073,0.08622259967641015
4074,-0.07872413992758598
4075,-0.042309261167083355
4076,-0.2429097130501628
4077,0.2753759880059925
4078,0.02382257682183029
4101,0.33479724114342396
4102,0.50885173793394
4103,0.34689030825976436
4104,0.12588090918942604
4105,0.09588625070896115
4106,0.5733522790569603
4107,0.11620789714651387
4108,0.5385753144020169
4109,0.19650416022669726
4110,0.3536477552484011
4111,0.0005050688312571383
4112,0.17208682762904273
4113,0.24247793128786652
4114,0.5076762981149331
4115,-0.002860488082591539
4116,-0.02016531779061459
4117,0.012592188824492756
4118,-0.009420758319422485
4119,0.27396014495875826
4120,0.34074057439725386
4121,-0.09454859126359057
4122,-0.04385248472112439
4123,-0.06981797564990293
4124,-0.09624010331336257
4125,0.012394618976441608
4127,0.1205693049741634
4128,-0.08079295111855891
4129,-0.031367551496938414
4130,-0.14549873384687234
4131,0.395675530745535
4132,0.13092811464694135
4133,0.16462093190110044
4151,0.07913274799403895
4152,-0.17151988632894943
4153,-0.10090160809941078
4154,-0.17779606753127755
4155,-0.14025287631665556
4156,-0.14062055180526611
4157,0.011447969931574108
4158,0.42413420055007434
4159,-0.02307462492345641
4160,-0.006813696759745036
4161,0.07706560653464639
4163,0.2794821029748675
4164,-0.04350625763056386
4165,-0.23202318346196654
4169,0.47674775583355755
4170,-0.046859716047156365
4171,-0.06767308779923706
4172,0.07672174675525475
4173,0.16856371946256019
4174,0.07411547071248356
4178,0.12769329652710878
4179,0.06574643291622564
4183,0.42401270706353955
4184,0.6808214070189458
4205,0.6633332046082783
4207,-0.1350469631209165
4208,-0.24930975706195718
4209,-0.2645892688477631
4210,-0.18452149650428784
4211,-0.32455993492152285
4212,-0.12066022098974967
4213,-0.21508905762263467
4214,-0.046495165466562904
4215,0.22811192686124304
4216,0.0386490098596708
4217,-0.0111690398509126
4218,-0.09355032291025213
4220,-0.10488202059499854
4221,-0.0671575199505718
4222,0.7031172317849343
4223,0.07307032097683175
4224,0.16435351312315077
4225,0.2567104071673389
4226,0.030778572622469504
4227,0.08410015904436867
4228,-0.10108945043528964
4229,0.23268455257386594
4230,0.32507054631676846
4270,-0.23966233444938606
4271,0.03701410394715072
4272,-0.034534518750636255
4275,-0.08235234357851673
4280,-0.19424873655986166
4285,-0.02488696123195111
4287,-0.19592402810518533
4300,-0.291130187934285
4301,0.12861936230654392
4303,0.7956470105821654
4304,0.32818464564157734
4305,-0.11110363368500416
4306,-0.3299892992471864
4307,0.009725728403981792
4309,-0.10766483649175966
4310,0.09768893012546047
4311,0.13504301733754226
4312,0.3010857009917266
4313,0.21347847208662435
4340,0.12238387584473331
4341,0.08149284741465707
4342,0.0419234700557892
4343,0.11854070609929504
4344,-0.008276991542523898
4345,0.4634286723983517
4346,-0.07559676903594106
4347,-0.05328534828969902
4350,-0.4245722068278363
4352,-0.3799313650145465
4353,-0.07678829124200459
4354,0.07589191796227605
4355,0.32429892563243123
4356,-0.09818231361877706
4357,-0.039054418619856555
4358,-0.10150412160637023
4359,-0.11482403172375903
4360,-0.23233344091596247
4361,0.07052559592932957
4362,0.10463339050274985
4363,-0.3512848902279976
4364,-0.24852802803270438
4365,0.08725845846270507
4370,0.3321607176736013
4371,-0.027675724538595115
4372,-0.22752808169138752
4373,0.3023889357312852
4374,-0.025086612657395257
4375,0.07430993342744656
4376,0.22890428704746602
4377,0.12320477181857507
4378,-0.04292398938290046
4380,0.17947291846092023
4381,0.19924167132754264
4382,-0.18054380033336065
4383,0.30745235600287285
4384,-0.20572012505313078
4385,0.12209042402861048
4387,0.16773078500997818
4388,0.1943456483437272
4390,0.08198015070886681
4400,-0.044443449813426496
4401,0.21220409747196128
4402,0.25794171428257184
4403,-0.29476542284192864
4404,-0.33538773190202786
4405,0.08927608894488333
4406,-0.2503659362009993
4407,-0.06605267141731466
4408,0.055537042381994806
4410,0.23099331221716665
4411,-0.3673229119153082
4412,-0.4986246294547776
4413,-0.028797337127916923
4415,0.0019444276997473086
4416,-0.4910670178128803
4417,-0.017903430329728263
4418,-0.6196595617864742
4419,-0.45687794466651654
4420,-0.1692947593510767
4421,0.2649322158034087
4422,-0.2916838608707087
4423,-0.5897554465996251
4424,-0.4490496248145532
4425,-0.19384214392840504
4426,0.23452115441339144
4427,-0.212158212065173
4428,-0.21283848606511757
4454,-0.24289686953333822
4455,0.019863504604672823
4461,-0.28497803791588244
4462,0.027208990443555164
4465,0.0721281196054377
4467,-0.47552711488611815
4468,-0.1629585303106566
4470,0.17378617634519147
4472,0.07828450812360091
4474,-0.8003300145211425
4475,0.7031172317849343
4477,-0.1481109459029757
4478,-0.09278618143816174
4479,-1.3282357093652812
4480,0.04802350869495946
4481,-0.16100958785304637
4482,0.005426164115514854
4486,-0.03291763977514282
4487,0.11653015285225662
4488,-0.16993170807967334
4489,-0.08002623147919433
4490,0.6418238396595297
4491,-0.09687188338264577
4492,0.014920895876183459
4493,-0.46654052071716234
4494,-0.5963153177098932
4496,-0.3056951932223511
4497,-0.43394640592881145
4498,-0.3398099551092736
4500,-0.2566231136390716
4501,0.2111827508115829
4502,-0.0042576961459060755
4503,-0.11003605319189835
4504,-0.1974667506506454
4505,-0.014345059788921432
4506,0.11515827321463878
4507,0.3667793067960282
4508,0.255678497192183
4509,0.0030564028321810265
4510,-0.013433906533757584
4511,0.17438706520296585
4512,-0.24339838901277738
4514,-0.0944650061710763
4515,0.19577106919495335
4516,-0.1662120052647647
4517,-0.01405041348607346
4518,-0.06591421848140225
4519,0.06598816523014887
4520,-0.34096306093886375
4521,-0.21530813114097175
4550,0.13336790202862508
4551,-0.16790154732857415
4552,0.15946599269144285
4553,-0.12075958524975768
4554,-0.16722951728764157
4555,-0.04430547796327494
4556,-0.17136731190789484
4557,0.0797053599596351
4558,0.2415267694082567
4559,0.03046702534925415
4560,-0.018155323061758488
4561,-0.11137770550103152
4562,-0.18096468843009544
4563,-0.0010422912178423616
4564,0.0715899997881419
4565,0.13677144351614823
4566,0.23827786814761565
4567,0.07696753171548654
4568,-0.01794201402063824
4569,-0.061913463710164186
4570,-0.04468009718007431
4571,0.0712711009533962
4572,0.131789223904562
4573,-0.12143020755186588
4574,0.05616069032640107
4575,0.004354837791792765
4580,0.480038084956921
4581,0.006496150073163176
4600,0.16515805174207396
4601,0.08591029055695842
4605,0.7163526261659235
4606,0.4766968651510924
4608,-0.15959182623421145
4610,0.18834264388256333
4611,-0.013570117280835065
4612,-0.06754182693687781
4613,0.17807333692192623
4614,0.3328320768005855
4615,0.30167547741868733
4620,-0.016133965681552183
4621,0.317289665822286
4625,0.15049937513644068
4626,0.05035988467658744
4627,0.19288300791928648
4630,-0.007091178507539653
4650,0.16536585838019935
4655,-0.013880863599796827
4659,0.26205052222769326
4660,0.16112397590731148
4662,0.24429643775146997
4670,-0.24360463896628054
4671,0.21707325150948042
4673,0.06329786369239924
4674,0.3218333865921842
4676,0.01548195987054855
4677,0.046637143890958216
4678,-0.039379942117934934
4680,-0.3224682517850402
4694,-0.20767870997599513
4695,-0.11474914495884
4697,-0.0303349104787095
4699,-0.15562509269399097
4700,0.4300019361319657
4701,0.0868752704381189
4702,-0.20537354468039926
4703,-0.04318698754961668
4704,-0.006544820653503041
4705,-0.4320986931552121
4706,-0.5843308902131932
4707,0.2878042387008309
4709,-0.7101050043513798
4710,0.15992493105270872
4711,-0.2273846725543606
4712,0.0655618071693755
4713,1.8351039657844606
4714,0.6230047077712919
4715,-0.13436183026811846
4716,-0.3647402495569577
4717,-0.3088594107385666
4718,-0.2857063456786847
4719,-0.21837384705283508
4720,-0.21026722900793535
4721,-0.3006315566177878
4722,-0.36054044979802236
4723,-0.32575772508597634
4724,-0.27677545972243395
4725,-0.05728432201768556
4726,0.08968740446466508
4727,-0.3638208306902483
4728,-0.07025608181378332
4730,0.3900633640366226
4731,-0.4816783756644877
4732,0.2048199923257691
4733,-0.5607849139112016
4735,0.06270094790675043
4736,-0.39342706532790667
4737,-0.04240945871340686
4738,-0.20761711970384025
4739,0.03253088010413704
4740,-0.4045408211254264
4741,-0.2826877307344264
4742,-0.5882114629989552
4743,-0.43987479409670777
4744,-0.40020965963661775
4745,-0.4494726829408597
4746,-0.42988938741282023
4750,0.06611261983378962
4751,-0.19317702882646032
4753,-0.29144435356240833
4754,-0.03336340959774693
4756,0.05079020162051347
4757,-0.11914774917619515
4798,-0.1784727324417939
4799,0.11239776194761768
4800,-0.07772583955139492
4801,-0.370255138064431
4802,0.2960361589853346
4803,-0.6793665424986498
4804,0.0072196455449769605
4805,0.15796286584288013
4806,0.17914704567304954
4807,0.17856351038906998
4808,-0.11266794504016005
4809,-0.19926624494333012
4810,0.10891435806050445
4811,0.07543372971812864
4812,0.36058752158584734
4814,-0.062316236911619693
4815,0.2417349934339299
4816,0.2527555657267321
4817,0.0037537326223160638
4818,-0.23985122416682728
4819,0.26870619510079263
4820,0.15815517174579138
4821,-0.051951191638031524
4822,-0.057624136067185174
4823,-0.37819710775179805
4824,0.08864074465966623
4825,0.45293964250933205
4828,0.6040434022470809
4829,0.09622857121802231
4830,1.0167416084200178
4849,0.43904919743651727
4850,0.1449772401130179
4852,0.22860994919517763
4854,0.11014122629385217
4855,-0.23889383820941723
4856,0.075284827875667
4858,0.029455000834032852
4859,0.09011156632911108
4860,0.5660935890842074
4861,0.23359559422608403
4865,0.13666423187185467
4868,0.2199035492302225
4869,0.16148181309076937
4870,-0.010214431094379486
4871,0.22409253911405475
4872,0.01880719176136551
4873,0.12110910968728725
4874,0.19185511202885455
4875,1.439647565921591
4876,1.2258389156590543
4877,0.12809755567131714
4878,0.037837239275258824
4879,-0.017557013023904257
4880,0.15057576667821665
4881,0.10585937802813632
4882,-0.008772782230485925
4883,0.3989560891940984
4884,-0.03366509461290583
4885,0.142850663279117
4886,0.19978119264802682
4887,0.2295859812111391
4888,0.2037373677280471
4890,0.9647652206902801
4891,-0.02580434173265962
4892,1.165946347309318
4895,0.4334320027583315
5000,0.6816272901464666
5005,0.7031172317849343
5006,0.4645398986409586
5007,0.5304314776525609
5008,0.5177550991346613
5009,0.23241103869627394
5010,0.5410791589001904
5011,0.25793718158494805
5012,0.5524931619954535
5013,0.452794580728067
5014,0.39037172259865194
5015,0.3536876487252155
5016,0.2145636938652445
5017,0.5648881413144816
5018,0.07018204253286539
5019,0.3664178752929126
5020,0.1716023284434048
5021,0.31434753669371657
5022,0.06421928619346165
5023,0.43089954725703816
5024,0.22379608215560057
5025,0.2376206438130068
5031,0.40068637820618536
5032,0.3791829279251642
5033,0.5878781398484959
5034,0.3267174705973215
5035,0.302541466306063
5037,0.4498309761481344
5038,0.3427751813064097
5039,0.2981200603173849
5040,0.13860998166614552
5041,0.19530772889481166
5042,0.4046063757894842
5043,0.537203517976036
5044,0.2164773064459639
5045,0.17171417945170828
5046,0.40220492498796273
5047,0.3677059387637577
5048,0.3127427536123181
5049,0.054486525755082435
5050,0.05525516705714595
5051,-0.1660002559006738
5052,0.05814115134505321
5061,0.3058931889305077
5062,0.0836798227316553
5063,0.31318288290504503
5064,0.25266678620746463
5065,0.35389106777927337
5066,-0.008270477532996746
5067,0.384757563564709
5068,0.38494537153530956
5069,0.19946829814411873
5070,0.5311302469130708
5072,0.2340685749381753
5073,0.32576444377400077
5074,0.4952128051022796
5075,0.25264717954519134
5076,0.020563548125619335
5081,0.2698833310477539
5082,0.19684244605610335
5083,0.3846561045484667
5084,0.7302351183963263
5085,0.3419523943091917
5086,0.39933714986950075
5087,0.42287731600232775
5088,0.38931812939456306
5089,-0.03161795982224771
5090,0.41357623236045005
5091,-0.1230351544906663
5092,0.1319581453055872
5093,0.3124166351494613
5094,0.39708629988287886
5095,0.15670034175781974
5096,0.19933149041996404
5097,0.04663159909149921
5098,0.29067760661205294
5106,1.4121948230318744
5107,0.22923157478406112
5108,0.19336831021877673
5109,0.18008852823734114
5110,0.16273467188682722
5111,-0.5706941940881116
5112,0.5116206962288609
5113,0.6524979934003563
5114,-0.014091077673827012
5115,0.2365706499200979
5116,0.2902119819503938
5117,-0.27320660519081097
5118,-0.0008507091596876793
5120,-0.01631471229060416
5121,0.09253723940368465
5125,-0.05169520593512722
5126,-0.10154113731420547
5127,0.10619857770531041
5131,-0.1990557743607712
5132,-0.38551293493784083
5133,-0.3233991893096101
5134,-0.12615077198814312
5136,-0.20932850716330575
5137,-0.17589857980465132
5138,-0.37404608699652686
5139,-0.4866121872789453
5140,-0.17327064313486465
5141,-0.3137936215745546
5142,-0.07020674230679738
5144,-0.1646196889086217
5150,-0.37544453210716483
5151,-0.3924166786131524
5152,-0.08125774052015988
5153,-0.2652905287814241
5154,-0.16252344710550698
5155,-0.15662181375779857
5156,-0.16967041237751185
5157,-0.21924821647100826
5158,-0.08656765878166162
5159,-0.22145181263461317
5160,-0.966983408479361
5161,0.2030246817276086
5162,0.10147086956844409
5163,0.3427578996735829
5164,0.6144883723858421
5165,0.36770011611164927
5166,0.4401653678616679
5167,0.05296988489022336
5168,0.1896696607525134
5169,0.1822785023306841
5170,0.0013246213486452023
5171,-0.05899020425701671
5172,-0.15582942165121078
5173,0.18239104102887546
5174,-0.00413768599187061
5201,-0.19122448525914162
5202,-0.23415854849291998
5203,0.1781740493612391
5204,0.14195471519368835
5210,-0.11024402861403504
5211,0.23407278152720012
5212,0.25429674520901535
5213,-0.08363158857965033
5214,0.2292576343150225
5220,-0.2529635547988077
5221,-0.037815173858191095
5222,-0.08579350271987182
5223,-0.08404103071394833
5231,-0.21934306817295993
5232,-0.24165064464350322
5233,-0.07404088948807895
5234,-0.16705188945842733
5235,-0.08622093644763427
5236,-0.017111687268260727
5237,-0.04427415242829614
5238,0.18667417647799855
5240,-0.3665256901768097
5241,-0.02123139241465637
5242,0.10309108206701026
5243,-0.14297910204427455
5244,-0.12682316492996135
5245,0.06540925873374268
5250,-0.15676123489923133
5251,0.044014440753149656
5252,-0.11489255071321672
5253,0.26826292715268807
5254,-0.1732686569109226
5255,-0.041328564120519475
5256,0.15317417381103296
5259,0.02582821041660943
5260,0.400541312712625
5261,-0.2831630863967344
5262,-0.3640747023421071
5263,-0.5982841105220528
5264,0.22898743377200742
5265,-0.13495246799607868
5266,-0.41042641713325134
5267,-0.26949671407288284
5268,-0.10223605025017832
5269,-0.13011231310463275
5270,-0.48352104323974254
5271,-0.060758144045865034
5272,-0.2489501412772365
5273,-0.5121636792667271
5275,-0.08119056789542409
5276,-0.2221261372393848
5277,-0.006057777172319466
5278,0.11853707811192153
5279,0.11675229697288805
5280,0.08249103417134246
5290,0.1547053934582931
5291,-0.32579143918498754
5301,-0.2172546650960679
5302,-0.09390040200967004
5303,-0.20762932117513744
5304,-0.02343222767383136
5306,0.0302008957961325
5307,0.12988049085639464
5308,-0.47944981561956873
5309,-0.3431464669041688
5310,-0.08847614453397337
5311,-0.2524477122374704
5320,0.2469040220305443
5321,-0.46590174212206337
5322,-0.10081829842843804
5330,0.1871575624567029
5331,-0.006366687179765906
5332,0.10730967763880946
5333,0.22572119152462028
5340,-0.21938557350092197
5341,0.20462740426848672
5342,-0.12252332621446471
5343,0.35128967524322313
5344,-0.16128237809382434
5345,0.3036168204137801
5346,0.04891347030946693
5350,-0.4250225536593007
5351,-0.22757928107466846
5352,0.008812644908801093
5353,-0.10302860802535281
5354,0.14810958620012976
5355,0.0782717853825444
5356,-0.19007676052708122
5357,0.14591623487248218
5360,-0.2534184644830469
5371,0.08978028491974388
5372,-0.03976016612489149
5373,0.0462841262052953
5374,0.06329622039511602
5381,0.028539832613004933
5400,-0.3306799563439427
5401,0.16645576434931247
5410,-0.13642217109499546
5411,-0.17316793373313807
5412,0.3210083179402422
5413,-0.027411592381854376
5414,-0.4170295252357811
5415,-0.36371488202984514
5416,-0.3402597600174383
5417,-0.14132978839399946
5418,0.02609792481749007
5419,0.012355281754920311
5420,-0.6584531606409487
5421,0.36379741999915016
5422,0.9666623800924945
5431,-0.07407603781122599
5432,-0.36625469963442614
5433,0.26555022684240087
5434,0.11228861888143213
5440,-0.4652788503787139
5451,-0.24736139662398865
5452,-0.3345470916290321
5453,0.02417284338907563
5454,-0.05719198146287676
5455,-0.4649426275462768
5460,0.019353360002115034
5461,0.1713103939286394
5462,-0.1182914399583058
5464,-0.08522110139055622
5470,-0.3474455968075783
5471,0.14533432812616393
5472,0.0971986472708027
5473,0.2704211103432218
5480,-0.04056249087264351
5481,-0.10567224464989011
5482,0.06412188357988906
5483,-0.46641153511581007
5485,-0.17371319744064834
5490,-0.26379138284976184
5491,0.191918980990723
5493,0.37080541609932427
5495,0.1020403088208939
5501,-0.1617756400990184
5502,-0.21757906344964134
5510,0.013228410882292874
5520,0.2567928641209107
5521,0.3158245094065227
5522,0.14244074883094401
5523,0.08424490252612107
5540,0.3591761429794672
5550,0.21728540196212495
5552,-0.17774448675790197
5554,0.10896342964729169
5555,-0.09417349079204845
5556,0.2980344427082528
5558,0.18005441990669951
5560,0.07858125538638507
5570,0.0861726008099929
5571,0.16845928945767558
5572,-0.2791591420292447
5573,0.16686270804867406
5575,0.016215131116280312
5576,0.1461714218179593
5577,-0.06060518016158054
5580,-0.20947014811697623
5581,-0.058859919719067254
5582,0.31935306136208974
5583,0.23436311122574463
5600,0.44317442231583837
5601,-0.05774600153488507
5602,-0.15571300220160184
5603,-0.343351636329788
5604,-0.11607395111438132
5605,0.12047000455562244
5606,0.32065694590544547
5607,-0.2944166344988094
5608,0.6922635261870576
5609,0.40031375759601373
5630,-0.3148960814126146
5631,-0.12418604329828327
5632,-0.4752124716563686
5633,-0.30042460501177903
5640,-0.0014953462011498054
5641,-0.3086959478484422
5642,-0.36755671343528756
5650,-0.6637795579227845
5651,-0.718819445203329
5652,-0.16886885876977503
5653,-0.7296548808195098
5654,-0.33725031650204035
5655,-0.8884216070969518
5660,-0.8710336547790952
5661,-0.1610298045365049
5670,0.013638997501726913
5671,-0.6515628966487919
5680,-0.20319894075300934
5690,0.5039697172848878
5700,0.5070979310307598
5701,-0.5192363973621331
5710,-0.14365406084659332
5713,-1.5075325005923872
5715,-0.9332138648710316
5717,-0.9464110337175956
5719,-0.994160415945491
5720,-0.5271927731485337
5722,0.14665107059778518
5723,-0.0035070108971127613
5724,0.8197916945253763
5725,-0.43123226792029107
5730,-0.32588954733832176
5731,-0.5789301651008765
5732,0.1969993362589783
5733,0.14027541056705678
5734,0.7667995265609552
5950,0.7031172317849343
5960,-1.507428213163643
6000,0.3180130703968807
6003,0.507384347639922
6004,0.6033483903408372
6005,0.5511644222737149
6006,0.20275670296159504
6007,0.28752932755953814
6008,0.2342686499408242
6009,0.13086405391014672
6010,0.026294083555827703
6011,-0.06200234578287465
6012,0.021882977638303956
6014,0.09720980298734225
6015,-0.0003660362396934458
6016,0.15900879441548668
6017,0.5584231046406062
6018,-0.18969513647207845
6019,-0.1167176589343436
6020,-0.18445981695101984
6021,0.060076314997344026
6022,0.0576687649601416
6023,-0.12861233372214315
6024,-0.07295772607559466
6025,-0.18491694124860955
6026,-0.021887864345515907
6027,-0.21331414706199156
6028,-0.05393190922444049
6029,-0.01833726815347344
6030,-0.08240206223051116
6031,-0.00731587229902404
6032,-0.2848279938082701
6033,-0.25639440119640033
6034,0.06054949840388144
6035,0.055303850443071824
6036,0.13919771462280442
6037,-0.05559623584210295
6038,0.02018794618279942
6041,-0.0503921469963754
6042,-0.607756039389748
6043,-0.2068789211321115
6044,-0.08514242846789402
6050,0.038803910648055794
6051,0.3678846709846162
6052,0.11829137568667374
6053,0.10857933829939614
6054,0.13356897546562438
6055,-0.05852043395701493
6056,-0.029962062478111496
6057,-0.041398779042868
6058,0.05368261655379841
6059,0.143804844447176
6060,0.12724712602438865
6061,0.300313119636099
6062,0.013551075210986207
6063,0.11430920052771487
6064,0.11536716411310814
6065,-0.4374372549907847
6066,0.08550984307198664
6067,-0.9257149294435557
6068,-0.9610648379326328
6069,-0.25143446899754673
6070,-0.19341832884778593
6071,-0.18324014339676556
6072,-0.30232292409820694
6073,0.043011110659117995
6074,-0.19245754770998208
6076,-0.21028497824423203
6077,-0.10381204993327933
6078,-0.3006103642322241
6079,-0.8383139770839776
6081,-0.22244828679612327
6082,-0.13625737500043905
6083,-0.2977405696170511
6084,-0.3131164054212447
6090,-1.5074362352735462
6100,0.18457816536912613
6101,0.19477935609380329
6102,0.7095665255205985
6103,0.3851252771715469
6104,0.26378168606844127
6105,0.3726613790547955
6106,-1.1552695812142642
6107,0.04267386851954967
6108,0.06001106400764859
6109,0.35361943359583436
6110,-0.08403746314311898
6111,-0.05416823150465104
6112,-0.2640993143330612
6121,-0.12194595771625791
6122,-0.2012867700434134
6123,-0.22498264717545086
6124,-0.2548081663876436
6125,-0.2562768234369665
6126,-0.794471187958654
6147,0.12849069345207387
6148,0.16940879147487586
6149,0.007402687649438788
6150,0.13606921653796444
6151,0.17312429791473616
6152,0.16571290193995827
6153,0.04567867065488026
6154,0.14064444216606953
6155,-0.2873694232271624
6156,-0.02374094351710738
6157,0.009999559341247698
6158,0.08668375577553432
6159,-0.11561203961001972
6160,0.14853810703389522
6161,-0.8531754248692149
6162,0.17368349099907127
6163,-0.1423441057113628
6164,-0.4225352317647114
6165,-0.47614083005530344
6166,-0.02648315539070014
6167,-0.013893240447288114
6168,0.2139485705243554
6169,-0.062295273585379965
6170,0.14803006917383002
6171,-0.27291422760796447
6172,0.08777884338422719
6173,-0.05847558982689978
6174,0.060191564288276
6175,-0.12479966864439493
6176,-0.12350596488709845
6180,0.07001295957102585
6181,-0.2966151349357372
6182,-1.5074442573834497
6207,-0.2242299126044
6208,0.0017022199131158957
6209,0.2857270294936411
6210,-0.21110321690940634
6211,-0.036373460043440706
6213,-0.27815249971299305
6214,-0.2501573768186217
6215,-0.043725973125471926
6218,0.026602307960228787
6220,0.009835993579073738
6221,-0.15805554623973153
6223,-0.4453770660450133
6224,0.10183017944050805
6225,0.003930220875147874
6226,-0.366600080788989
6227,-0.3705883781044473
6228,-0.461690772949434
6229,0.11917184925133324
6230,-0.09875208644811348
6232,0.02786130713438776
6233,-0.2033230958244599
6236,-0.24476654662610073
6237,-0.24677640580192617
6239,-0.17436647249884454
6240,-0.14269469213319189
6243,-0.5074068195614545
6244,-0.15106747801297019
6251,-0.3489058326185903
6252,-0.6268163794253285
6253,-0.03216087605661664
6254,0.16257993954165068
6255,0.10837465160040516
6256,-0.31988093361823644
6258,-0.020941826588028865
6260,-0.1254041131032239
6262,-0.1365616999060032
6271,-0.05045243797839093
6275,-0.11632720991341512
6280,-0.0903904535861
6281,-0.27235978840540975
6282,-0.4398449242569761
6284,-0.3282680245049431
6285,-0.08136017165103135
6286,-0.3407338942226682
6288,-0.3488042084644528
6290,0.09586901874869984
6302,0.03924959208821752
6304,-0.051111011172036466
6306,0.008718255993851032
6308,-0.013321905244971366
6309,-0.42814155253824515
6311,-0.3720390311422076
6312,0.1868638848156116
6313,-0.2895458717244359
6315,-0.06783170127084306
6316,-0.357367362420043
6317,0.24094532546893124
6318,-0.2716372427167019
6320,0.03372271527351818
6321,-0.18144442033092706
6322,-0.426067752003382
6323,0.061838008146391274
6324,-0.018201494364035155
6326,-0.1652928995509618
6327,-0.2351531923298491
6328,-0.2555724994296261
6330,-0.05044659462723176
6333,-0.07924759052210692
6335,0.08812510754890096
6336,-0.30940775194146025
6337,-0.2814093713271453
6338,-0.49397686021600207
6341,-0.3576874209424033
6343,-0.5346785466179135
6346,-0.31933668264123966
6348,-0.10307483180740111
6350,-0.02852639978911309
6351,-0.6235821574179421
6352,-0.3169940452747121
6353,-0.20328257531071917
6355,-0.36139056040016776
6356,-0.7182170391243771
6357,-0.8225107089109652
6358,-0.6301076836646755
6359,-0.44185092789765196
6361,-0.537705890871093
6363,-0.850635089362045
6365,-0.3304141034151259
6367,0.13103678569779822
6368,-0.47520013710214376
6369,-0.027801305568730755
6370,-0.1630560907981125
6372,-0.37275265059905294
6373,-0.7920497396286155
6375,-0.05105246624351797
6383,0.12004261269589205
6384,-1.0830266385070397
6385,-0.6569039978340188
6386,-0.21660245186274546
6390,-0.15464536763866998
6391,-0.3123504839864504
6392,-0.20036886983265695
6393,-0.4677407906968848
6394,-0.354748995736794
6395,-0.1362331957143231
6396,-0.396312653017342
6397,-0.5957316681860363
6398,-0.16863421607319265
6401,0.05301607979047564
6403,-0.19444859891304894
6405,-0.2266049585789541
6407,0.07651496836032542
6409,-0.2516830773230829
6410,0.2976812135871828
6411,-0.47379396866508133
6412,-0.8878764620361247
6413,0.33850016018052853
6414,-0.8176200374420765
6415,0.09605446615942889
6418,0.07861837244767225
6419,-0.6988882510793462
6420,-0.6530127501998455
6421,-0.22962757973333975
6422,-0.7538738108073604
6423,-0.49756869909065404
6424,-0.7161628388428638
6425,-0.8331105624750894
6426,-0.16269007866865656
6427,-1.1133303116143753
6428,-0.5725140926036341
6429,0.3889505577605047
6430,0.13380208074718075
6431,0.7260090556711069
6432,0.3105485048642562
6434,-0.08582391964223068
6436,0.3802214615915464
6437,-0.572109040068631
6438,-0.10085037348874167
6440,-0.23696477258452156
6442,-0.11336168897470818
6443,0.04426783997921728
6445,-0.4854340656850077
6446,-0.5068343414147777
6447,-0.7150725055620399
6448,-0.16486216087114786
6450,-0.09624787064092408
6452,-1.507428213163643
6460,0.020020868425479642
6461,-0.17387909490379333
6462,-0.5042513184095069
6463,-1.1728911503985688
6465,-0.9612333022406044
6466,-0.8433416485436471
6467,-0.9428191244880656
6468,-0.2363228675066361
6470,-1.3481718365858988
6472,-0.3595762388021887
6473,-0.6240266344612561
6475,-0.11486850797505763
6476,-1.0946231258214456
6477,-0.32206329398976435
6479,-0.22551582017118554
6480,-0.46909350385709114
6484,-1.007033301800672
6485,0.011683150590008485
6487,-0.765991144310939
6488,-0.0035900785873081986
6489,-0.2480003795475612
6490,-0.11800458939264433
6501,-0.21282134310269937
6502,-0.10663447727094284
6503,-0.08063234360457756
6504,-0.08738247153290617
6505,-0.26062089338567945
6506,-0.6942568194826431
6507,-0.5043046988360856
6509,-0.6551531199215749
6510,0.10278508408912009
6511,-0.20602900707551708
6512,-0.7700604723717228
6513,-0.20310686320302432
6514,-0.09153386426339531
6515,-0.34228820229176043
6516,-0.07798309259038358
6517,-0.12648157783633093
6518,0.1765625711361487
6519,0.03395425980339972
6521,-0.39158705378005765
6522,-0.20422084214338784
6525,0.12719185350658896
6528,-0.12684449568846007
6530,0.13033656305735758
6532,-0.27842674195995926
6535,-0.08887295215978774
6536,0.021940304243768183
6537,-0.1079611680265925
6556,-0.12852102607162244
6558,-0.6482527085412311
6560,0.09794727918912388
6562,-0.23174722153494615
6564,-0.08766022601059953
6566,-0.09607409905064349
6567,-0.16253115775744828
6568,-0.5053903648477934
6569,-0.36374430535482166
6571,-0.5450509030581631
6572,-0.3170730812657195
6574,-0.8130450770915709
6575,-0.6521393173704414
6603,0.09421816943107061
6605,-0.6191679630576712
6606,-0.042950065899962385
6608,-0.41208082336977697
6609,-0.03697455069892111
6612,-0.5702759215749319
6613,-0.7047958791953413
6614,-1.050276792688503
6616,-0.3037007434908703
6620,-0.6143641673073812
6623,0.2650052062518641
6625,-0.7837779421238817
6627,0.3187960716532522
6628,-1.1066652008130582
6630,0.1730440075985263
6631,-0.6896163070637069
6632,-0.5799573895707316
6635,0.0011772426569273797
6638,0.0330110343627956
6639,-0.6868818524149609
6640,0.349011094293621
6642,-0.01042030879235889
6646,0.5596149036851251
6701,0.2132550838837659
6705,0.6610188590191126
6707,-0.22161718930360527
6710,-0.7669033384443946
6711,0.7031172317849343
6712,-0.8897472815531028
6713,-0.2842728110735055
6714,-0.19634588575441647
6716,-0.30767982297569274
6718,0.9119543008650612
6720,-0.24334142725674993
6721,-0.3016217527426295
6722,0.17931681800816907
6725,0.3432078293184625
6726,0.22524987213574135
6728,0.7419768945225054
6731,-1.507412168943836
6733,0.7031172317849343
6740,0.9244872644105501
6743,0.3043393619991722
6751,-0.4915402302630145
6753,-0.34664231769350723
6754,-0.3818361649479877
6758,-0.907075198153829
6760,0.4689307017314263
6762,-0.412106832972811
6765,0.9744736612610845
6770,1.3120992328770262
7000,0.41644892415600143
7001,0.7031172317849343
7004,0.48576156709028934
7005,0.38390646850416404
7007,0.3626459854786619
7008,0.550261660738078
7009,0.7507961839421632
7010,0.7390752810552415
7011,0.4859770931036807
7012,-0.08068810675667168
7015,0.19147728595249622
7016,0.2522974812069202
7017,-0.07158699584245296
7018,0.2202669045555537
7019,0.6730918666901949
7020,-0.3082420318935772
7021,0.012858138140594394
7022,-0.06684802796984803
7023,0.16474211361808297
7024,-0.186325546077189
7025,-0.06065533289735085
7026,0.036290007707917786
7027,0.2628935708504212
7030,0.3152724729277134
7050,0.20713043419308516
7052,0.07537950701222768
7053,0.19633743151190913
7054,-0.14358852186512752
7055,-0.04937185828423861
7109,0.03697061289618966
7112,0.30715519801670704
7113,0.15733685826602342
7116,0.17901274543665519
7117,0.3443500379069547
7119,-0.7449040772960009
7120,0.1956740094729183
7139,0.7031172317849343
7140,0.2464243752165248
7150,-0.07042976890966664
7155,-0.02628269558004363
7162,0.012742412424987781
7163,-0.15098039244547262
7170,-0.21492052665890285
7171,0.27647048701089993
7172,0.2203443457079922
7173,0.17464389837492061
7174,-0.25293697289700506
7175,-0.31167403630022855
7176,-0.11650056690231451
7177,-0.05139094536904907
7178,0.0963293176092281
7179,-0.2601058523871639
7180,0.12715718168015439
7182,0.3796300248359222
7183,-0.33137854976880793
7184,0.3514188266565085
7185,0.2965642503940809
7186,-0.15568863111259787
7187,-0.281158577471514
7190,0.2027782412833373
7209,0.19168551853989776
7210,0.2957543323347828
7211,0.014368471091503673
7212,0.10916935950614044
7213,0.17938937743715083
7214,0.14040117518141337
7215,0.11808971002458338
7216,0.28341152533189923
7248,0.7185354136851232
7249,0.6081800836080504
7250,0.028905790373114554
7252,-0.20561658492353158
7253,0.4448178794308498
7254,-0.42268929238375536
7255,-0.022201190995576936
7256,-0.12145075492561978
7257,1.2523897634822792
7258,-0.3876985305243862
7259,0.06225319563030329
7260,0.07993955197655694
7261,-0.357134198725924
7262,-0.06804711294005741
7263,0.08788560134352334
7264,-0.0008389811473469733
7265,0.2543592983286998
7267,-0.06832546388657765
7268,-0.1024903151294306
7270,0.14053594360013597
7275,-0.044875888647894234
7276,0.16002666258353365
7277,0.027028650186107107
7290,0.10002129451384409
7291,-0.11746566846941209
7292,-0.28640204481831383
7300,-0.05389099784058935
7301,0.1059603961698774
7302,-0.12948140009922166
7303,-0.012041704585763563
7304,0.09758796686579127
7305,0.25701665577391364
7306,0.008400756781012375
7307,0.0927314105793181
7310,0.2715387986591415
7315,0.21444258496170004
7316,0.1257415868340087
7320,0.534145107539118
7321,0.04691370486933126
7322,0.42777148074164517
7325,0.2912961834787068
7330,0.126462598960847
7331,0.06184942916674126
7466,-0.7050120689952287
7467,0.5366165480854941
7468,-0.028424283124153477
7469,0.2548126361407094
7470,0.31205332808508157
0800,0.3555692780958162
0810,0.0769280875451263
0812,0.170443287479172
0815,0.09880742291287445
0820,0.08524619118799955
0822,0.5408177765505436
0828,0.17726727942515255
0829,-0.39186736501939545
0830,0.058331341998080724
0832,-0.0945998438206029
0834,0.02824450809081843
0835,-0.5304609277109241
0836,-0.27543082990009976
0837,-0.0703469424629777
0838,-0.24662772278015926
0839,0.1710554752041334
0840,0.09271137567590175
0841,-0.3561718030687365
0845,0.5520184110426445
0846,0.6678646886604185
0847,0.3289249707991269
0850,0.3402365884069848
0852,0.5786661971257732
0853,-0.7096488114116167
0854,0.9472044508830271
0860,0.6844083840327505
0862,0.832402581428244
0870,0.42580688446995285
0872,0.8559278222827166
0873,0.44294593584981
0874,0.02675300254911639
0875,0.5193910571580522
0880,0.509953149910333
0885,-0.44513112916511144
0886,-0.08479694926442753
2600,0.1682556935109984
2601,0.3946022500727934
2602,0.07510599267445074
2603,0.1768962007340447
2604,0.37537708258166286
2605,0.16688878191076995
2606,0.31569139779097716
2607,0.08848004739857138
2609,0.5012264499432935
2611,-0.09826727977283345
2612,0.1497084167569112
2614,0.12493755733846948
2615,-0.21230119673450237
2617,0.004518133158510901
2618,-0.3133040133849193
2900,0.638853089651945
2902,0.007579132630171593
2903,0.03853053266721472
2904,0.00907849342962761
2905,-0.1180601936034505
2906,-0.047692938125531194
2911,-0.23192538648174973
2912,0.21082092459674023
2913,-0.18247455145407918
2914,-0.21881019856183875
2899,-0.019585138029922074
6798,-0.27577984526963734
6799,-0.25524603201677454
9494,-0.8241228978924038
9797,-0.7702965268721502
